INSERT INTO Persona (cc, nombre, apellido, genero, edad) VALUES (100000001, 'Antonio', 'Pérez', 'F', 55);
INSERT INTO Persona (cc, nombre, apellido, genero, edad) VALUES (100000002, 'Antonio', 'López', 'M', 23);
INSERT INTO Persona (cc, nombre, apellido, genero, edad) VALUES (100000003, 'Pedro', 'Sánchez', 'F', 43);
INSERT INTO Persona (cc, nombre, apellido, genero, edad) VALUES (100000004, 'Julia', 'Sánchez', 'M', 31);
INSERT INTO Persona (cc, nombre, apellido, genero, edad) VALUES (100000005, 'Carmen', 'Pérez', 'F', 52);
INSERT INTO Persona (cc, nombre, apellido, genero, edad) VALUES (100000006, 'Luis', 'García', 'M', 56);
INSERT INTO Persona (cc, nombre, apellido, genero, edad) VALUES (100000007, 'Julia', 'Sánchez', 'F', 60);
INSERT INTO Persona (cc, nombre, apellido, genero, edad) VALUES (100000008, 'Antonio', 'Sánchez', 'M', 34);
INSERT INTO Persona (cc, nombre, apellido, genero, edad) VALUES (100000009, 'Pedro', 'Fernández', 'F', 29);
INSERT INTO Persona (cc, nombre, apellido, genero, edad) VALUES (100000010, 'Julia', 'Rodríguez', 'M', 56);
INSERT INTO Persona (cc, nombre, apellido, genero, edad) VALUES (100000011, 'Sofia', 'Rodríguez', 'F', 58);
INSERT INTO Persona (cc, nombre, apellido, genero, edad) VALUES (100000012, 'Luis', 'López', 'M', 44);
INSERT INTO Persona (cc, nombre, apellido, genero, edad) VALUES (100000013, 'Carmen', 'Torres', 'F', 50);
INSERT INTO Persona (cc, nombre, apellido, genero, edad) VALUES (100000014, 'Manuel', 'González', 'M', 43);
INSERT INTO Persona (cc, nombre, apellido, genero, edad) VALUES (100000015, 'Pedro', 'Martínez', 'F', 20);
INSERT INTO Persona (cc, nombre, apellido, genero, edad) VALUES (100000016, 'Pedro', 'Martínez', 'M', 47);
INSERT INTO Persona (cc, nombre, apellido, genero, edad) VALUES (100000017, 'Pedro', 'López', 'F', 46);
INSERT INTO Persona (cc, nombre, apellido, genero, edad) VALUES (100000018, 'Luis', 'López', 'M', 46);
INSERT INTO Persona (cc, nombre, apellido, genero, edad) VALUES (100000019, 'Laura', 'Martínez', 'F', 46);
INSERT INTO Persona (cc, nombre, apellido, genero, edad) VALUES (100000020, 'Antonio', 'Martínez', 'M', 50);
INSERT INTO Persona (cc, nombre, apellido, genero, edad) VALUES (100000021, 'Antonio', 'Fernández', 'F', 58);
INSERT INTO Persona (cc, nombre, apellido, genero, edad) VALUES (100000022, 'Manuel', 'Rodríguez', 'M', 44);
INSERT INTO Persona (cc, nombre, apellido, genero, edad) VALUES (100000023, 'Antonio', 'Pérez', 'F', 31);
INSERT INTO Persona (cc, nombre, apellido, genero, edad) VALUES (100000024, 'Julia', 'Sánchez', 'M', 36);
INSERT INTO Persona (cc, nombre, apellido, genero, edad) VALUES (100000025, 'Luis', 'Fernández', 'F', 40);
INSERT INTO Persona (cc, nombre, apellido, genero, edad) VALUES (100000026, 'Antonio', 'Martínez', 'M', 30);
INSERT INTO Persona (cc, nombre, apellido, genero, edad) VALUES (100000027, 'Julia', 'Sánchez', 'F', 48);
INSERT INTO Persona (cc, nombre, apellido, genero, edad) VALUES (100000028, 'Laura', 'Fernández', 'M', 59);
INSERT INTO Persona (cc, nombre, apellido, genero, edad) VALUES (100000029, 'Luis', 'Sánchez', 'F', 25);
INSERT INTO Persona (cc, nombre, apellido, genero, edad) VALUES (100000030, 'Carlos', 'García', 'M', 52);

INSERT INTO Profesion (id, nom, des) VALUES (1, 'Médico', 'Persona encargada de cuidar la salud de los pacientes');
INSERT INTO Profesion (id, nom, des) VALUES (2, 'Arquitecto', 'Persona que diseña edificios');
INSERT INTO Profesion (id, nom, des) VALUES (3, 'Abogado', 'Profesional del derecho');
INSERT INTO Profesion (id, nom, des) VALUES (4, 'Dentista', 'Persona que trata los dientes');
INSERT INTO Profesion (id, nom, des) VALUES (5, 'Psicólogo', 'Profesional de la salud mental');
INSERT INTO Profesion (id, nom, des) VALUES (6, 'Veterinario', 'Médico de animales');
INSERT INTO Profesion (id, nom, des) VALUES (7, 'Profesor', 'Persona que enseña');
INSERT INTO Profesion (id, nom, des) VALUES (8, 'Programador', 'Persona que escribe código');
INSERT INTO Profesion (id, nom, des) VALUES (9, 'Científico', 'Persona que investiga');
INSERT INTO Profesion (id, nom, des) VALUES (10, 'Ingeniero', 'Persona encargada de diseñar y construir estructuras');
INSERT INTO Profesion (id, nom, des) VALUES (11, 'Médico', 'Persona encargada de cuidar la salud de los pacientes');
INSERT INTO Profesion (id, nom, des) VALUES (12, 'Arquitecto', 'Persona que diseña edificios');
INSERT INTO Profesion (id, nom, des) VALUES (13, 'Abogado', 'Profesional del derecho');
INSERT INTO Profesion (id, nom, des) VALUES (14, 'Dentista', 'Persona que trata los dientes');
INSERT INTO Profesion (id, nom, des) VALUES (15, 'Psicólogo', 'Profesional de la salud mental');
INSERT INTO Profesion (id, nom, des) VALUES (16, 'Veterinario', 'Médico de animales');
INSERT INTO Profesion (id, nom, des) VALUES (17, 'Profesor', 'Persona que enseña');
INSERT INTO Profesion (id, nom, des) VALUES (18, 'Programador', 'Persona que escribe código');
INSERT INTO Profesion (id, nom, des) VALUES (19, 'Científico', 'Persona que investiga');
INSERT INTO Profesion (id, nom, des) VALUES (20, 'Ingeniero', 'Persona encargada de diseñar y construir estructuras');
INSERT INTO Profesion (id, nom, des) VALUES (21, 'Médico', 'Persona encargada de cuidar la salud de los pacientes');
INSERT INTO Profesion (id, nom, des) VALUES (22, 'Arquitecto', 'Persona que diseña edificios');
INSERT INTO Profesion (id, nom, des) VALUES (23, 'Abogado', 'Profesional del derecho');
INSERT INTO Profesion (id, nom, des) VALUES (24, 'Dentista', 'Persona que trata los dientes');
INSERT INTO Profesion (id, nom, des) VALUES (25, 'Psicólogo', 'Profesional de la salud mental');
INSERT INTO Profesion (id, nom, des) VALUES (26, 'Veterinario', 'Médico de animales');
INSERT INTO Profesion (id, nom, des) VALUES (27, 'Profesor', 'Persona que enseña');
INSERT INTO Profesion (id, nom, des) VALUES (28, 'Programador', 'Persona que escribe código');
INSERT INTO Profesion (id, nom, des) VALUES (29, 'Científico', 'Persona que investiga');
INSERT INTO Profesion (id, nom, des) VALUES (30, 'Ingeniero', 'Persona encargada de diseñar y construir estructuras');

INSERT INTO Estudios (id, cc_per, fecha, Univer) VALUES (1, 100000001, '2020-05-02', 'Universidad del Valle');
INSERT INTO Estudios (id, cc_per, fecha, Univer) VALUES (2, 100000002, '2022-02-20', 'Universidad de Antioquia');
INSERT INTO Estudios (id, cc_per, fecha, Univer) VALUES (3, 100000003, '2022-02-20', 'Universidad del Valle');
INSERT INTO Estudios (id, cc_per, fecha, Univer) VALUES (4, 100000004, '2020-10-18', 'Universidad Nacional');
INSERT INTO Estudios (id, cc_per, fecha, Univer) VALUES (5, 100000005, '2020-10-10', 'Universidad Nacional');
INSERT INTO Estudios (id, cc_per, fecha, Univer) VALUES (6, 100000006, '2021-10-10', 'Universidad Nacional');
INSERT INTO Estudios (id, cc_per, fecha, Univer) VALUES (7, 100000007, '2022-12-10', 'Universidad del Valle');
INSERT INTO Estudios (id, cc_per, fecha, Univer) VALUES (8, 100000008, '2021-04-23', 'Universidad del Valle');
INSERT INTO Estudios (id, cc_per, fecha, Univer) VALUES (9, 100000009, '2022-07-02', 'Universidad de los Andes');
INSERT INTO Estudios (id, cc_per, fecha, Univer) VALUES (10, 100000010, '2021-12-18', 'Universidad del Valle');
INSERT INTO Estudios (id, cc_per, fecha, Univer) VALUES (11, 100000011, '2022-07-14', 'Universidad Javeriana');
INSERT INTO Estudios (id, cc_per, fecha, Univer) VALUES (12, 100000012, '2020-08-15', 'Universidad Javeriana');
INSERT INTO Estudios (id, cc_per, fecha, Univer) VALUES (13, 100000013, '2020-12-05', 'Universidad de los Andes');
INSERT INTO Estudios (id, cc_per, fecha, Univer) VALUES (14, 100000014, '2020-01-10', 'Universidad de los Andes');
INSERT INTO Estudios (id, cc_per, fecha, Univer) VALUES (15, 100000015, '2020-11-15', 'Universidad de los Andes');
INSERT INTO Estudios (id, cc_per, fecha, Univer) VALUES (16, 100000016, '2021-03-07', 'Universidad Javeriana');
INSERT INTO Estudios (id, cc_per, fecha, Univer) VALUES (17, 100000017, '2020-09-22', 'Universidad Nacional');
INSERT INTO Estudios (id, cc_per, fecha, Univer) VALUES (18, 100000018, '2020-10-28', 'Universidad Nacional');
INSERT INTO Estudios (id, cc_per, fecha, Univer) VALUES (19, 100000019, '2022-05-23', 'Universidad Javeriana');
INSERT INTO Estudios (id, cc_per, fecha, Univer) VALUES (20, 100000020, '2021-07-28', 'Universidad de los Andes');
INSERT INTO Estudios (id, cc_per, fecha, Univer) VALUES (21, 100000021, '2020-03-13', 'Universidad de los Andes');
INSERT INTO Estudios (id, cc_per, fecha, Univer) VALUES (22, 100000022, '2022-09-15', 'Universidad de Antioquia');
INSERT INTO Estudios (id, cc_per, fecha, Univer) VALUES (23, 100000023, '2022-03-21', 'Universidad de los Andes');
INSERT INTO Estudios (id, cc_per, fecha, Univer) VALUES (24, 100000024, '2022-03-17', 'Universidad Nacional');
INSERT INTO Estudios (id, cc_per, fecha, Univer) VALUES (25, 100000025, '2021-03-10', 'Universidad del Valle');
INSERT INTO Estudios (id, cc_per, fecha, Univer) VALUES (26, 100000026, '2020-02-20', 'Universidad del Valle');
INSERT INTO Estudios (id, cc_per, fecha, Univer) VALUES (27, 100000027, '2020-07-06', 'Universidad de Antioquia');
INSERT INTO Estudios (id, cc_per, fecha, Univer) VALUES (28, 100000028, '2020-08-23', 'Universidad de los Andes');
INSERT INTO Estudios (id, cc_per, fecha, Univer) VALUES (29, 100000029, '2022-11-25', 'Universidad de Antioquia');
INSERT INTO Estudios (id, cc_per, fecha, Univer) VALUES (30, 100000030, '2021-05-04', 'Universidad de Antioquia');

INSERT INTO Telefono (num, oper, duenio) VALUES ('3002470526', 'Movistar', 100000001);
INSERT INTO Telefono (num, oper, duenio) VALUES ('3009387290', 'ETB', 100000002);
INSERT INTO Telefono (num, oper, duenio) VALUES ('3004017926', 'ETB', 100000003);
INSERT INTO Telefono (num, oper, duenio) VALUES ('3001773744', 'ETB', 100000004);
INSERT INTO Telefono (num, oper, duenio) VALUES ('3009875247', 'Movistar', 100000005);
INSERT INTO Telefono (num, oper, duenio) VALUES ('3008465505', 'Tigo', 100000006);
INSERT INTO Telefono (num, oper, duenio) VALUES ('3004361682', 'Movistar', 100000007);
INSERT INTO Telefono (num, oper, duenio) VALUES ('3001896215', 'Claro', 100000008);
INSERT INTO Telefono (num, oper, duenio) VALUES ('3006998843', 'Tigo', 100000009);
INSERT INTO Telefono (num, oper, duenio) VALUES ('3001626403', 'ETB', 100000010);
INSERT INTO Telefono (num, oper, duenio) VALUES ('3008723050', 'Claro', 100000011);
INSERT INTO Telefono (num, oper, duenio) VALUES ('3007329486', 'Tigo', 100000012);
INSERT INTO Telefono (num, oper, duenio) VALUES ('3007077024', 'Tigo', 100000013);
INSERT INTO Telefono (num, oper, duenio) VALUES ('3001910868', 'ETB', 100000014);
INSERT INTO Telefono (num, oper, duenio) VALUES ('3008225497', 'Claro', 100000015);
INSERT INTO Telefono (num, oper, duenio) VALUES ('3008831407', 'ETB', 100000016);
INSERT INTO Telefono (num, oper, duenio) VALUES ('3009603953', 'Movistar', 100000017);
INSERT INTO Telefono (num, oper, duenio) VALUES ('3003171554', 'Movistar', 100000018);
INSERT INTO Telefono (num, oper, duenio) VALUES ('3001023306', 'Movistar', 100000019);
INSERT INTO Telefono (num, oper, duenio) VALUES ('3007211587', 'ETB', 100000020);
INSERT INTO Telefono (num, oper, duenio) VALUES ('3009947088', 'Movistar', 100000021);
INSERT INTO Telefono (num, oper, duenio) VALUES ('3005625230', 'ETB', 100000022);
INSERT INTO Telefono (num, oper, duenio) VALUES ('3002506853', 'Tigo', 100000023);
INSERT INTO Telefono (num, oper, duenio) VALUES ('3008803265', 'Tigo', 100000024);
INSERT INTO Telefono (num, oper, duenio) VALUES ('3005146259', 'Tigo', 100000025);
INSERT INTO Telefono (num, oper, duenio) VALUES ('3005722356', 'Tigo', 100000026);
INSERT INTO Telefono (num, oper, duenio) VALUES ('3005401325', 'ETB', 100000027);
INSERT INTO Telefono (num, oper, duenio) VALUES ('3009955393', 'Tigo', 100000028);
INSERT INTO Telefono (num, oper, duenio) VALUES ('3004358723', 'Tigo', 100000029);
INSERT INTO Telefono (num, oper, duenio) VALUES ('3003726178', 'Movistar', 100000030);